,cat,prob
8,In situ nutrients,1.0
3,Precip total,0.999993995507
5,Air temperature,0.997978764057
1,Other(s),0.681176264587
0,Precip extreme,0.272315996709
6,Nutrient input,0.0212928927996
2,Nutrient loading,0.0115956985981
4,Stratification,0.00270851122075
9,Water temperature,0.0019122992983
7,Drought severity,0.00173132203934
