,cat,prob
8,In situ nutrients,1.0
5,Air temperature,0.903267670572
1,Other(s),0.58105286083
6,Nutrient input,0.452797438481
3,Precip total,0.442530523405
0,Precip extreme,0.379651596258
7,Drought severity,0.26551790925
4,Stratification,0.096928668062
9,Water temperature,0.0675070629226
2,Nutrient loading,0.0467770834554
