,cat,prob
8,In situ nutrients,1.0
5,Air temperature,0.993761592997
1,Other(s),0.993752418855
0,Precip extreme,0.423406602711
2,Nutrient loading,0.0413474051321
3,Precip total,0.0270975501572
4,Stratification,0.0113363360273
6,Nutrient input,0.00884427929879
9,Water temperature,0.00539409464016
7,Drought severity,0.00286687125192
