,cat,prob
1,Other(s),1.0
3,Precip total,0.999999762987
6,Nutrient input,0.999997820062
0,Precip extreme,0.999993033454
5,Air temperature,0.0070808896685
2,Nutrient loading,7.92577486499e-05
7,Drought severity,3.34056339697e-06
4,Stratification,1.15417449823e-06
9,Water temperature,6.11532245312e-07
8,In situ nutrients,0.0
